{
    "x1": 0.046989999999999976,
    "x2": 0.04778199999999999,
    "x3": 0.00034000000000000696,
    "x4": 0,
    "x5": 0,
    "x6": 0,
    "x7": 0.00015199999999992997,
    "x8": 0,
    "x9": 0,
    "x10": 0,
    "x11": 0.00025799999999998047,
    "x12": 0.0006950000000000012,
    "x13": 0,
    "x14": 0,
    "x15": 0.0006810000000000427,
    "x16": 0,
    "x17": 0,
    "x18": 0.0008280000000000509,
    "x19": 4.000000000004e-06,
    "x20": 0.0004549999999999832,
    "x21": 0,
    "x22": 0.00032799999999999496,
    "x23": 0.0005109999999999282,
    "x24": 0.0007059999999999844,
    "x25": 0.0011610000000000786,
    "x26": 0,
    "x27": 0.0007819999999999494,
    "x28": 0.06125900000000006,
    "x29": 0.1502509999999999,
    "x30": 0.841075,
    "x31": 0.046619999999999995,
    "x32": 0.04772299999999996,
    "x33": 0.841555,
    "x34": 0,
    "x35": 0.841823,
    "x36": 0.0003250000000000197,
    "x37": 0,
    "x38": 0.0006789999999999852,
    "x39": 0.0005739999999999634,
    "x40": 0.00030399999999997096,
    "x41": 0.000264000000000042,
    "x42": 0,
    "x43": 0.000280000000000058,
    "x44": 0,
    "x45": 0,
    "x46": 0.841342,
    "x47": 0.00029599999999996296,
    "x48": 1.0999999999983245e-05,
    "x49": 0.0007009999999999517,
    "x50": 0,
    "x51": 0,
    "x52": 0,
    "x53": 0,
    "x54": 0,
    "x55": 0,
    "x56": 0.0009990000000000832,
    "x57": 0.00031999999999998696,
    "x58": 0,
    "x59": 0,
    "x60": 0,
    "x61": 0.840987,
    "x62": 0.06023500000000004,
    "x63": 0,
    "x64": 0.05971899999999997,
    "x65": 2.9000000000056758e-05,
    "x66": 0.06015500000000007,
    "x67": 0,
    "x68": 0.0004549999999999832,
    "x69": 0.00025200000000003,
    "x70": 0,
    "x71": 0,
    "x72": 0,
    "x73": 0.0004950000000000232,
    "x74": 0,
    "x75": 0,
    "x76": 0.00011699999999992272,
    "x77": 0.0006439999999999779,
    "x78": 0,
    "x79": 0,
    "x80": 0,
    "x81": 0,
    "x82": 0.06116099999999991,
    "x83": 0.1494169999999999,
    "x84": 0.060501999999999945,
    "x85": 0.060177999999999954,
    "x86": 0.14843800000000007,
    "x87": 0.842058
}