{
    "n0": {
        "x": 0.32383276483316237,
        "y": 0.15084917392450192,
        "is_od": false
    },
    "n1": {
        "x": 0.6509344730398537,
        "y": 0.07243628666754276,
        "is_od": false
    },
    "n2": {
        "x": 0.5358820043066892,
        "y": 0.36568891691258554,
        "is_od": false
    },
    "n3": {
        "x": 0.057998924774706806,
        "y": 0.5074357331894203,
        "is_od": false
    },
    "n4": {
        "x": 0.03749565844198488,
        "y": 0.4336456836623859,
        "is_od": false
    },
    "n5": {
        "x": 0.06985542357461894,
        "y": 0.09071301334386506,
        "is_od": false
    },
    "n6": {
        "x": 0.42451918914251396,
        "y": 0.8268521246720381,
        "is_od": false
    },
    "n7": {
        "x": 0.12380196114964559,
        "y": 0.22323896460701453,
        "is_od": false
    },
    "n8": {
        "x": 0.6274332224055893,
        "y": 0.9477089424570057,
        "is_od": false
    },
    "n9": {
        "x": 0.5771029486174987,
        "y": 0.39668047465078016,
        "is_od": false
    },
    "n10": {
        "x": 0.9762551055929201,
        "y": 0.04658268061775628,
        "is_od": true
    },
    "n11": {
        "x": 0.8584684590486795,
        "y": 0.28960928633167626,
        "is_od": false
    },
    "n12": {
        "x": 0.14425508335743753,
        "y": 0.11779223807836836,
        "is_od": false
    },
    "n13": {
        "x": 0.30848182410193437,
        "y": 0.8161263591200314,
        "is_od": false
    },
    "n14": {
        "x": 0.18072637992393747,
        "y": 0.5816001636624663,
        "is_od": true
    },
    "n15": {
        "x": 0.6389134689261841,
        "y": 0.3723975427257312,
        "is_od": false
    },
    "n16": {
        "x": 0.5477444657095578,
        "y": 0.06278897497332314,
        "is_od": false
    },
    "n17": {
        "x": 0.05960116996623266,
        "y": 0.20595871281932654,
        "is_od": false
    },
    "n18": {
        "x": 0.6803999731817859,
        "y": 0.4275923056694029,
        "is_od": false
    },
    "n19": {
        "x": 0.3141471703767915,
        "y": 0.5855618635076387,
        "is_od": false
    },
    "n20": {
        "x": 0.45318437637077535,
        "y": 0.29976699686368236,
        "is_od": false
    },
    "n21": {
        "x": 0.7943794815224912,
        "y": 0.6989944337295713,
        "is_od": false
    },
    "n22": {
        "x": 0.24409651072215288,
        "y": 0.574423710258671,
        "is_od": false
    },
    "n23": {
        "x": 0.5251965038114514,
        "y": 0.8751374955734289,
        "is_od": false
    },
    "n24": {
        "x": 0.7294452894392176,
        "y": 0.2879377648901865,
        "is_od": false
    },
    "n25": {
        "x": 0.9801748474925821,
        "y": 0.11806577825496212,
        "is_od": false
    },
    "n26": {
        "x": 0.4181228217852272,
        "y": 0.7571409295652494,
        "is_od": false
    },
    "n27": {
        "x": 0.15198453466050477,
        "y": 0.4889631004758056,
        "is_od": false
    },
    "n28": {
        "x": 0.03920725704743766,
        "y": 0.6682158565343952,
        "is_od": false
    },
    "n29": {
        "x": 0.7645708662128131,
        "y": 0.573025940277384,
        "is_od": false
    },
    "n30": {
        "x": 0.8754778118308882,
        "y": 0.31374751284809677,
        "is_od": false
    },
    "n31": {
        "x": 0.6952953662736593,
        "y": 0.5943698771050184,
        "is_od": false
    },
    "n32": {
        "x": 0.5798952042824922,
        "y": 0.45620533130141305,
        "is_od": false
    },
    "n33": {
        "x": 0.8399677805125414,
        "y": 0.9446810951079374,
        "is_od": false
    },
    "n34": {
        "x": 0.47409833741964447,
        "y": 0.6641522054746745,
        "is_od": false
    },
    "n35": {
        "x": 0.060669427597219716,
        "y": 0.7014920213044239,
        "is_od": false
    },
    "n36": {
        "x": 0.6471288545276688,
        "y": 0.9930959394666341,
        "is_od": false
    },
    "n37": {
        "x": 0.8219247866097149,
        "y": 0.28459553209414923,
        "is_od": false
    },
    "n38": {
        "x": 0.3857914424467108,
        "y": 0.6686527158841882,
        "is_od": false
    },
    "n39": {
        "x": 0.02256292805558857,
        "y": 0.46169528629976586,
        "is_od": false
    },
    "n40": {
        "x": 0.16804837890654456,
        "y": 0.11709579448173191,
        "is_od": false
    },
    "n41": {
        "x": 0.058954419331310404,
        "y": 0.7682329884725208,
        "is_od": false
    },
    "n42": {
        "x": 0.12934022201868423,
        "y": 0.24761483369691428,
        "is_od": false
    },
    "n43": {
        "x": 0.3909497031332271,
        "y": 0.8714219741262994,
        "is_od": false
    },
    "n44": {
        "x": 0.08058130120013862,
        "y": 0.44918740094933096,
        "is_od": false
    },
    "n45": {
        "x": 0.5494399091440374,
        "y": 0.8833838264415125,
        "is_od": false
    },
    "n46": {
        "x": 0.8192798378357413,
        "y": 0.8639844696985152,
        "is_od": false
    },
    "n47": {
        "x": 0.27842106451389714,
        "y": 0.4152965172116986,
        "is_od": false
    },
    "n48": {
        "x": 0.3587711653316248,
        "y": 0.884192827198217,
        "is_od": false
    },
    "n49": {
        "x": 0.9577312039639913,
        "y": 0.15092090579110895,
        "is_od": false
    },
    "n50": {
        "x": 0.17621772849037032,
        "y": 0.23195686681953576,
        "is_od": false
    },
    "n51": {
        "x": 0.23333608368086112,
        "y": 0.4849627303413566,
        "is_od": false
    },
    "n52": {
        "x": 0.5891235037322556,
        "y": 0.26274661929853793,
        "is_od": false
    },
    "n53": {
        "x": 0.004093603385063926,
        "y": 0.41894650112532794,
        "is_od": false
    },
    "n54": {
        "x": 0.3692535728947254,
        "y": 0.566341223706392,
        "is_od": false
    },
    "n55": {
        "x": 0.9530979255250953,
        "y": 0.6904936571359779,
        "is_od": false
    },
    "n56": {
        "x": 0.5154914330707784,
        "y": 0.6175927494091277,
        "is_od": false
    },
    "n57": {
        "x": 0.6762000824495014,
        "y": 0.053992893223790195,
        "is_od": false
    },
    "n58": {
        "x": 0.8995330100579522,
        "y": 0.7799694907060728,
        "is_od": false
    },
    "n59": {
        "x": 0.8745131841344765,
        "y": 0.7978731211965661,
        "is_od": false
    }
}