{
  "params": {
    "alpha": 20.0,
    "a": -6.0,
    "b": 2.56,
    "n_above_threshold": 218,
    "threshold": 0.03
  },
  "tank_ids": [
    "n5",
    "n8",
    "n10",
    "n12",
    "n14",
    "n16",
    "n19",
    "n21",
    "n23",
    "n25",
    "n27",
    "n29",
    "n31",
    "n34",
    "n36",
    "n38",
    "n40",
    "n42",
    "n43",
    "n45",
    "n46",
    "n48",
    "n49",
    "n51",
    "n52"
  ],
  "matrix": [
    [
      1.0,
      0.12644191232659524,
      0.014578269974531152,
      0.001762384437405526,
      0.0002423456521755522,
      3.813624039057982e-05,
      0.4580362849786884,
      0.24932047995279644,
      0.05325714583656324,
      0.007930494672338867,
      0.0011339964248893509,
      0.0001737743237679898,
      2.9407048761506244e-05,
      0.030065015541526123,
      0.020267427535008285,
      0.007121287390587496,
      0.007121287390587496,
      0.0017129630502528688,
      0.0002423456521755522,
      0.00035135792850851736,
      7.088547971832477e-05,
      6.962552932436511e-05,
      1.8756365021813226e-05,
      1.4160989434835577e-05,
      4.788541248482979e-06
    ],
    [
      0.12644191232659524,
      1.0,
      0.7360071804468135,
      0.12644191232659524,
      0.014578269974531152,
      0.001762384437405526,
      0.05325714583656324,
      0.007930494672338867,
      0.4580362849786884,
      0.24932047995279644,
      0.05325714583656324,
      0.007930494672338867,
      0.0011339964248893509,
      0.007121287390587496,
      0.0017129630502528688,
      0.00035135792850851736,
      0.030065015541526123,
      0.020267427535008285,
      0.0013702948605004014,
      0.007121287390587496,
      0.0006789501476802056,
      0.0017129630502528688,
      0.0002423456521755522,
      0.00035135792850851736,
      7.088547971832477e-05
    ],
    [
      0.014578269974531152,
      0.7360071804468135,
      1.0,
      0.7360071804468135,
      0.12644191232659524,
      0.014578269974531152,
      0.007930494672338867,
      0.0011339964248893509,
      0.24932047995279644,
      0.4580362849786884,
      0.24932047995279644,
      0.05325714583656324,
      0.007930494672338867,
      0.0017129630502528688,
      0.00035135792850851736,
      6.962552932436511e-05,
      0.020267427535008285,
      0.030065015541526123,
      0.001762384437405526,
      0.020267427535008285,
      0.0013702948605004014,
      0.007121287390587496,
      0.0006789501476802056,
      0.0017129630502528688,
      0.0002423456521755522
    ],
    [
      0.001762384437405526,
      0.12644191232659524,
      0.7360071804468135,
      1.0,
      0.7360071804468135,
      0.12644191232659524,
      0.0011339964248893509,
      0.0001737743237679898,
      0.05325714583656324,
      0.24932047995279644,
      0.4580362849786884,
      0.24932047995279644,
      0.05325714583656324,
      0.00035135792850851736,
      6.962552932436511e-05,
      1.4160989434835577e-05,
      0.007121287390587496,
      0.020267427535008285,
      0.0013702948605004014,
      0.030065015541526123,
      0.001762384437405526,
      0.020267427535008285,
      0.0013702948605004014,
      0.007121287390587496,
      0.0006789501476802056
    ],
    [
      0.0002423456521755522,
      0.014578269974531152,
      0.12644191232659524,
      0.7360071804468135,
      1.0,
      0.7360071804468135,
      0.0001737743237679898,
      2.9407048761506244e-05,
      0.007930494672338867,
      0.05325714583656324,
      0.24932047995279644,
      0.4580362849786884,
      0.24932047995279644,
      6.962552932436511e-05,
      1.4160989434835577e-05,
      3.0354722571723856e-06,
      0.0017129630502528688,
      0.007121287390587496,
      0.0006789501476802056,
      0.020267427535008285,
      0.0013702948605004014,
      0.030065015541526123,
      0.001762384437405526,
      0.020267427535008285,
      0.0013702948605004014
    ],
    [
      3.813624039057982e-05,
      0.001762384437405526,
      0.014578269974531152,
      0.12644191232659524,
      0.7360071804468135,
      1.0,
      2.9407048761506244e-05,
      5.511589056266072e-06,
      0.0011339964248893509,
      0.007930494672338867,
      0.05325714583656324,
      0.24932047995279644,
      0.4580362849786884,
      1.4160989434835577e-05,
      3.0354722571723856e-06,
      6.925114462137984e-07,
      0.00035135792850851736,
      0.0017129630502528688,
      0.0002423456521755522,
      0.007121287390587496,
      0.0006789501476802056,
      0.020267427535008285,
      0.0013702948605004014,
      0.030065015541526123,
      0.001762384437405526
    ],
    [
      0.4580362849786884,
      0.05325714583656324,
      0.007930494672338867,
      0.0011339964248893509,
      0.0001737743237679898,
      2.9407048761506244e-05,
      1.0,
      0.7360071804468135,
      0.12644191232659524,
      0.014578269974531152,
      0.001762384437405526,
      0.0002423456521755522,
      3.813624039057982e-05,
      0.4580362849786884,
      0.24932047995279644,
      0.05325714583656324,
      0.05325714583656324,
      0.007930494672338867,
      0.0017129630502528688,
      0.0011339964248893509,
      0.00035135792850851736,
      0.0001737743237679898,
      6.962552932436511e-05,
      2.9407048761506244e-05,
      1.4160989434835577e-05
    ],
    [
      0.24932047995279644,
      0.007930494672338867,
      0.0011339964248893509,
      0.0001737743237679898,
      2.9407048761506244e-05,
      5.511589056266072e-06,
      0.7360071804468135,
      1.0,
      0.014578269974531152,
      0.001762384437405526,
      0.0002423456521755522,
      3.813624039057982e-05,
      6.793044374854343e-06,
      0.24932047995279644,
      0.4580362849786884,
      0.24932047995279644,
      0.007930494672338867,
      0.0011339964248893509,
      0.00035135792850851736,
      0.0001737743237679898,
      6.962552932436511e-05,
      2.9407048761506244e-05,
      1.4160989434835577e-05,
      5.511589056266072e-06,
      3.0354722571723856e-06
    ],
    [
      0.05325714583656324,
      0.4580362849786884,
      0.24932047995279644,
      0.05325714583656324,
      0.007930494672338867,
      0.0011339964248893509,
      0.12644191232659524,
      0.014578269974531152,
      1.0,
      0.7360071804468135,
      0.12644191232659524,
      0.014578269974531152,
      0.001762384437405526,
      0.05325714583656324,
      0.007930494672338867,
      0.0011339964248893509,
      0.4580362849786884,
      0.24932047995279644,
      0.020267427535008285,
      0.05325714583656324,
      0.007121287390587496,
      0.007930494672338867,
      0.0017129630502528688,
      0.0011339964248893509,
      0.00035135792850851736
    ],
    [
      0.007930494672338867,
      0.24932047995279644,
      0.4580362849786884,
      0.24932047995279644,
      0.05325714583656324,
      0.007930494672338867,
      0.014578269974531152,
      0.001762384437405526,
      0.7360071804468135,
      1.0,
      0.7360071804468135,
      0.12644191232659524,
      0.014578269974531152,
      0.007930494672338867,
      0.0011339964248893509,
      0.0001737743237679898,
      0.24932047995279644,
      0.4580362849786884,
      0.030065015541526123,
      0.24932047995279644,
      0.020267427535008285,
      0.05325714583656324,
      0.007121287390587496,
      0.007930494672338867,
      0.0017129630502528688
    ],
    [
      0.0011339964248893509,
      0.05325714583656324,
      0.24932047995279644,
      0.4580362849786884,
      0.24932047995279644,
      0.05325714583656324,
      0.001762384437405526,
      0.0002423456521755522,
      0.12644191232659524,
      0.7360071804468135,
      1.0,
      0.7360071804468135,
      0.12644191232659524,
      0.0011339964248893509,
      0.0001737743237679898,
      2.9407048761506244e-05,
      0.05325714583656324,
      0.24932047995279644,
      0.020267427535008285,
      0.4580362849786884,
      0.030065015541526123,
      0.24932047995279644,
