{
    "x1": 0.0486685802208624,
    "x2": 0.04352807110373991,
    "x3": 0.03799573065579509,
    "x4": 0.01695788362221029,
    "x5": 0.003899197432136625,
    "x6": 0.00018858816014211133,
    "x7": 0.003574762475746396,
    "x8": 0.0,
    "x9": 0.04102565805623515,
    "x10": 0.037948355805278,
    "x11": 0.0366006388236334,
    "x12": 0.011841787346879462,
    "x13": 0.0,
    "x14": 0.0004998022689292059,
    "x15": 0.0,
    "x16": 0.036188681628139374,
    "x17": 0.015209460992038348,
    "x18": 0.010923374692560883,
    "x19": 0.029492707045161604,
    "x20": 0.012037436581037286,
    "x21": 0.021015027091748517,
    "x22": 0.004165367063345027,
    "x23": 0.003898489818781825,
    "x24": 0.0012651041688180875,
    "x25": 0.003060020799635188,
    "x26": 0.0028610495400639424,
    "x27": 0.000522840271300895,
    "x28": 0.05640017737273961,
    "x29": 0.14537609173768762,
    "x30": 0.8322024637905263,
    "x31": 0.04298170881792185,
    "x32": 0.051087804331557685,
    "x33": 0.8323140052787859,
    "x34": 0.0,
    "x35": 0.8322342071704194,
    "x36": 0.0,
    "x37": 0.0,
    "x38": 0.0,
    "x39": 0.0006951533103490837,
    "x40": 0.001393924882752695,
    "x41": 0.0026333763178560954,
    "x42": 0.0036279064994465537,
    "x43": 0.0,
    "x44": 0.0029560815496946224,
    "x45": 0.0,
    "x46": 0.8322230538150523,
    "x47": 0.0005583011202466848,
    "x48": 0.0,
    "x49": 0.003274611662722693,
    "x50": 0.0020297188831039925,
    "x51": 0.0009740734276185714,
    "x52": 0.00016125151956902783,
    "x53": 0.0,
    "x54": 0.0,
    "x55": 0.003808421235310888,
    "x56": 0.002112406140886147,
    "x57": 0.0014718865917821011,
    "x58": 0.0,
    "x59": 0.0,
    "x60": 0.0022212849326761486,
    "x61": 0.831958892505055,
    "x62": 0.06172969143199758,
    "x63": 0.0012204407484434077,
    "x64": 0.05769419578709056,
    "x65": 0.0,
    "x66": 0.059679519851874474,
    "x67": 0.0,
    "x68": 0.004856540306774182,
    "x69": 0.0014620834791954085,
    "x70": 0.0,
    "x71": 0.0,
    "x72": 0.0,
    "x73": 0.0006368187827535676,
    "x74": 0.0,
    "x75": 0.0,
    "x76": 0.0007147145456301018,
    "x77": 0.00044781558440021296,
    "x78": 0.0,
    "x79": 0.0010320918964337178,
    "x80": 0.0,
    "x81": 0.0,
    "x82": 0.057868080627358265,
    "x83": 0.15111314000701992,
    "x84": 0.06113009000830083,
    "x85": 0.0613178245168442,
    "x86": 0.1483355363120733,
    "x87": 0.8323002754820936
}