{
  "n0": {
    "x": 0.6771258268002703,
    "y": 0.7849113560871108
  },
  "n1": {
    "x": 0.5204661572030815,
    "y": 0.5114917024932601
  },
  "n2": {
    "x": 0.39353466292596484,
    "y": 0.996816937097899
  },
  "n3": {
    "x": 0.2893649457745707,
    "y": 0.14825979318469462
  },
  "n4": {
    "x": 0.2610785745655583,
    "y": 0.260437193601329
  },
  "n5": {
    "x": 0.32736701494461073,
    "y": 0.26791084434471324
  },
  "n6": {
    "x": 0.10764393786564574,
    "y": 0.3254997424572813
  },
  "n7": {
    "x": 0.3110650705014215,
    "y": 0.5692400158763194
  },
  "n8": {
    "x": 0.20163093417246258,
    "y": 0.0707877197891501
  },
  "n9": {
    "x": 0.2025520288489131,
    "y": 0.5424425933927817
  },
  "n10": {
    "x": 0.3885618140257495,
    "y": 0.7334705745704592
  },
  "n11": {
    "x": 0.8030595339722295,
    "y": 0.4144375921547606
  },
  "n12": {
    "x": 0.09935841395778411,
    "y": 0.7279948847232749
  },
  "n13": {
    "x": 0.755663140511487,
    "y": 0.3960633310698073
  },
  "n14": {
    "x": 0.6582892983348085,
    "y": 0.2990507824028774
  },
  "n15": {
    "x": 0.9148934744469892,
    "y": 0.8338068660983388
  },
  "n16": {
    "x": 0.7919630232235252,
    "y": 0.9539150178908785
  },
  "n17": {
    "x": 0.23284129630545392,
    "y": 0.5452519325658608
  },
  "n18": {
    "x": 0.7313772373476463,
    "y": 0.8014742374966025
  },
  "n19": {
    "x": 0.39028010660047385,
    "y": 0.13854350249956826
  },
  "n20": {
    "x": 0.626317311028412,
    "y": 0.10464185884010424
  },
  "n21": {
    "x": 0.7053598572169942,
    "y": 0.006954900599812741
  },
  "n22": {
    "x": 0.45449986238710205,
    "y": 0.47975446726480686
  },
  "n23": {
    "x": 0.11979873865973156,
    "y": 0.4801934199376975
  },
  "n24": {
    "x": 0.5000663287490751,
    "y": 0.36907152405604815
  },
  "n25": {
    "x": 0.8962731401770051,
    "y": 0.8660701675973792
  },
  "n26": {
    "x": 0.8905347213362667,
    "y": 0.2448835528756016
  },
  "n27": {
    "x": 0.025882359340619665,
    "y": 0.37661163845510415
  },
  "n28": {
    "x": 0.11365817245695709,
    "y": 0.7052309189173013
  },
  "n29": {
    "x": 0.2629377241090397,
    "y": 0.12838327493982538
  },
  "n30": {
    "x": 0.28370787538027853,
    "y": 0.4034233189606332
  },
  "n31": {
    "x": 0.7353995976674972,
    "y": 0.4610398891472326
  },
  "n32": {
    "x": 0.3011774443709251,
    "y": 0.6773700696639872
  },
  "n33": {
    "x": 0.04532668797135253,
    "y": 0.2092060618942887
  },
  "n34": {
    "x": 0.6874700931088032,
    "y": 0.7520469458446033
  },
  "n35": {
    "x": 0.10130892293878768,
    "y": 0.06646793684898167
  },
  "n36": {
    "x": 0.5057963837029876,
    "y": 0.6564500924684056
  },
  "n37": {
    "x": 0.016115711444430247,
    "y": 0.43677609152313757
  },
  "n38": {
    "x": 0.2747998764766446,
    "y": 0.08510506992319744
  },
  "n39": {
    "x": 0.17113913171075879,
    "y": 0.285840599857917
  },
  "n40": {
    "x": 0.4670399638387779,
    "y": 0.11222252400806199
  },
  "n41": {
    "x": 0.6203434502308722,
    "y": 0.8787548094848102
  },
  "n42": {
    "x": 0.6839763806076348,
    "y": 0.06797613523040968
  },
  "n43": {
    "x": 0.6484958227428514,
    "y": 0.6338677194207748
  },
  "n44": {
    "x": 0.008769637928400464,
    "y": 0.3846990363357833
  },
  "n45": {
    "x": 0.6525488368404786,
    "y": 0.9501414868013812
  },
  "n46": {
    "x": 0.9289536479064151,
    "y": 0.5695314224486587
  },
  "n47": {
    "x": 0.588851171408481,
    "y": 0.9584687669053604
  },
  "n48": {
    "x": 0.210626619043066,
    "y": 0.509142885487054
  },
  "n49": {
    "x": 0.061543718163384886,
    "y": 0.774596275992041
  },
  "n50": {
    "x": 0.6536455665192387,
    "y": 0.21058366495492375
  },
  "n51": {
    "x": 0.1970829315026762,
    "y": 0.5237238069324156
  },
  "n52": {
    "x": 0.7517019249715656,
    "y": 0.13588762274273525
  },
  "n53": {
    "x": 0.3234047502588553,
    "y": 0.51275710615129
  },
  "n54": {
    "x": 0.26119917304908236,
    "y": 0.8844780230273892
  },
  "n55": {
    "x": 0.7250364328765466,
    "y": 0.9554020412715666
  },
  "n56": {
    "x": 0.6409769188321,
    "y": 0.681275699501856
  },
  "n57": {
    "x": 0.28546761457614145,
    "y": 0.5047110361546085
  },
  "n58": {
    "x": 0.42924943436693164,
    "y": 0.4784551854108633
  },
  "n59": {
    "x": 0.06246953361999197,
    "y": 0.8496774451705634
  },
  "n60": {
    "x": 0.1544192883314135,
    "y": 0.4583311964059853
  },
  "n61": {
    "x": 0.9300416940134529,
    "y": 0.5129542543809735
  },
  "n62": {
    "x": 0.8685177423133891,
    "y": 0.2605075368093125
  },
  "n63": {
    "x": 0.46685240936201644,
    "y": 0.37925140325850804
  },
  "n64": {
    "x": 0.3242877373815193,
    "y": 0.3694122298589243
  },
  "n65": {
    "x": 0.4452440877258542,
    "y": 0.8417655552303178
  },
  "n66": {
    "x": 0.9709571132078453,
    "y": 0.09460491415803551
  },
  "n67": {
    "x": 0.6676921521070699,
    "y": 0.5288409996759227
  },
  "n68": {
    "x": 0.41316092474316035,
    "y": 0.04075817668250614
  },
  "n69": {
    "x": 0.36184185813123293,
    "y": 0.31700004217697697
  },
  "n70": {
    "x": 0.3670775924467383,
    "y": 0.5934722254499405
  },
  "n71": {
    "x": 0.3671029064427882,
    "y": 0.29577381359048605
  },
  "n72": {
    "x": 0.2742702669525843,
    "y": 0.9772766398374708
  },
  "n73": {
    "x": 0.3918535041195593,
    "y": 0.972874568182202
  },
  "n74": {
    "x": 0.16561736516578374,
    "y": 0.6639064231140855
  },
  "n75": {
    "x": 0.5544709198689148,
    "y": 0.7098888352251109
  },
  "n76": {
    "x": 0.5144177905545997,
    "y": 0.8738685774537862
  },
  "n77": {
    "x": 0.5875594946441038,
    "y": 0.04664456632639258
  },
  "n78": {
    "x": 0.6826130311195852,
    "y": 0.613161275717841
  },
  "n79": {
    "x": 0.2453044320779395,
    "y": 0.730651524256825
  },
  "n80": {
    "x": 0.8357282059883685,
    "y": 0.2771479129133917
  },
  "n81": {
    "x": 0.1484189871683218,
    "y": 0.289133080255648
  },
  "n82": {
    "x": 0.5894878867555664,
    "y": 0.444134035172443
  },
  "n83": {
    "x": 0.07218808453382564,
    "y": 0.44965470068618474
  },
  "n84": {
    "x": 0.5472402528346979,
    "y": 0.5787252651515459
  },
  "n85": {
    "x": 0.35382481469866234,
    "y": 0.7852816589423378
  },
  "n86": {
    "x": 0.676830882139444,
    "y": 0.2584000165578686
  },
  "n87": {
    "x": 0.346423987003171,
    "y": 0.92532544999568
  },
  "n88": {
    "x": 0.22104210075107766,
    "y": 0.447461008209172
  },
  "n89": {
    "x": 0.3040343229449448,
    "y": 0.5832577709057106
  },
  "n90": {
    "x": 0.795149173126909,
    "y": 0.12347252644587303
  },
  "n91": {
    "x": 0.19033133696559834,
    "y": 0.0637716762220214
  },
  "n92": {
    "x": 0.12594525804058043,
    "y": 0.5206940791081107
  },
  "n93": {
    "x": 0.48888492100159797,
    "y": 0.9455017370221896
  },
  "n94": {
    "x": 0.45307096130919744,
    "y": 0.5254385205033738
  },
  "n95": {
    "x": 0.026454475345032757,
    "y": 0.2254025761880144
  },
  "n96": {
    "x": 0.30939240423413394,
    "y": 0.24374184089124196
  },
  "n97": {
    "x": 0.7880566298939501,
    "y": 0.4169955747870425
  },
  "n98": {
    "x": 0.1363032809513529,
    "y": 0.5341394262765617
  },
  "n99": {
    "x": 0.15617249501913544,
    "y": 0.186089938247871
  },
  "n100": {
    "x": 0.6080530023386514,
    "y": 0.08599119841426217
  },
  "n101": {
    "x": 0.7566546529659298,
    "y": 0.4388072311209117
  },
  "n102": {
    "x": 0.0643765745883157,
    "y": 0.6740621923932785
  },
  "n103": {
    "x": 0.9614645168335112,
    "y": 0.7385198491962597
  },
  "n104": {
    "x": 0.8413911897258847,
    "y": 0.9391919604236594
  },
  "n105": {
    "x": 0.2714701611427499,
    "y": 0.4862910968345666
  },
  "n106": {
    "x": 0.7412316614427448,
    "y": 0.3968969379574805
  },
  "n107": {
    "x": 0.9668069292961947,
    "y": 0.42326598468735077
  },
  "n108": {
    "x": 0.02174316450603242,