{"round": 1, "time_sec": 1.7903027362190187, "n_rules_surv": 12, "n_rules_fail": 0, "probs_updated": false, "p_survival": 0.0, "p_failure": 0.0, "p_unknown": 1.0, "n_sample_actual": 100000, "avg_len_surv": 12.583333333333334, "avg_len_fail": 0.0, "rss_gb": 0.8142280578613281}
{"round": 2, "time_sec": 0.1778673972003162, "n_rules_surv": 15, "n_rules_fail": 1, "probs_updated": false, "p_survival": 0.9958, "p_failure": 0.0, "p_unknown": 0.0042, "n_sample_actual": 100000, "avg_len_surv": 12.333333333333334, "avg_len_fail": 2.0, "rss_gb": 0.8142471313476562}
{"round": 3, "time_sec": 0.2589834267273545, "n_rules_surv": 27, "n_rules_fail": 1, "probs_updated": false, "p_survival": 0.99684, "p_failure": 0.00269, "p_unknown": 0.00047, "n_sample_actual": 100000, "avg_len_surv": 12.62962962962963, "avg_len_fail": 2.0, "rss_gb": 0.8142471313476562}
{"round": 4, "time_sec": 0.14334620395675302, "n_rules_surv": 30, "n_rules_fail": 1, "probs_updated": false, "p_survival": 0.99761, "p_failure": 0.00236, "p_unknown": 3e-05, "n_sample_actual": 100000, "avg_len_surv": 12.866666666666667, "avg_len_fail": 2.0, "rss_gb": 0.81439208984375}
{"round": 5, "time_sec": 0.13549487572163343, "n_rules_surv": 32, "n_rules_fail": 1, "probs_updated": false, "p_survival": 0.99742, "p_failure": 0.00256, "p_unknown": 2e-05, "n_sample_actual": 100000, "avg_len_surv": 12.75, "avg_len_fail": 2.0, "rss_gb": 0.81439208984375}
{"round": 6, "time_sec": 0.1594496169127524, "n_rules_surv": 36, "n_rules_fail": 1, "probs_updated": false, "p_survival": 0.99764, "p_failure": 0.00232, "p_unknown": 4e-05, "n_sample_actual": 100000, "avg_len_surv": 12.944444444444445, "avg_len_fail": 2.0, "rss_gb": 0.81439208984375}
{"round": 7, "time_sec": 0.2891466449946165, "n_rules_surv": 39, "n_rules_fail": 1, "probs_updated": false, "p_survival": 0.99754, "p_failure": 0.0024525, "p_unknown": 7.5e-06, "n_sample_actual": 400000, "avg_len_surv": 12.897435897435898, "avg_len_fail": 2.0, "rss_gb": 0.81439208984375}
