{
    "P_sys_surv": 0.7671012,
    "P_sys_fail": 0.2328988,
    "BI": {
        "x1": 0.044430700000000045,
        "x2": 0.04425230000000002,
        "x3": 0.0834950000000001,
        "x4": 0.06152139999999995,
        "x5": 0.0,
        "x6": 0.0632916,
        "x7": 0.06331540000000002,
        "x8": 0.0,
        "x9": 0.0,
        "x10": 0.7910121,
        "x11": 0.0,
        "x12": 0.7911073,
        "x13": 0.0,
        "x14": 0.04434439999999995,
        "x15": 0.04416819999999999,
        "x16": 0.7909799,
        "x17": 0.7909445,
        "x18": 0.7913091,
        "x19": 0.08375359999999998,
        "x20": 0.06159020000000004,
        "x21": 0.0,
        "x22": 0.08389099999999994,
        "x23": 0.061980000000000035,
        "x24": 0.0,
        "x25": 0.7910029,
        "x26": 0.06203780000000003,
        "x27": 0.0,
        "x28": 0.0,
        "x29": 0.06338009999999994,
        "x30": 0.06334190000000006,
        "x31": 0.0,
        "x32": 0.0,
        "x33": 0.06339910000000004,
        "x34": 0.06374179999999996,
        "x35": 0.00028450000000002085,
        "x36": 9.5200000000073e-05,
        "x37": 0.7910514,
        "x38": 0.0,
        "x39": 0.7909241,
        "x40": 5.610000000000337e-05,
        "x41": 0.00011300000000002974,
        "x42": 0.0
    },
    "RAW": {
        "x1": 0.9927590867793222,
        "x2": 0.9931043010955831,
        "x3": 0.9882275048218369,
        "x4": 0.9918629894185802,
        "x5": 1.0001270938278772,
        "x6": 0.9916358521383537,
        "x7": 0.992084974246325,
        "x8": 0.9988681779382289,
        "x9": 0.9997148976293566,
        "x10": 0.8973335199666121,
        "x11": 1.0001464155246829,
        "x12": 0.8969247587364125,
        "x13": 0.9996225828557296,
        "x14": 0.9939286934926242,
        "x15": 0.9937599506738549,
        "x16": 0.8974717774415325,
        "x17": 0.8976237747897371,
        "x18": 0.8960582879774392,
        "x19": 0.9879196457860667,
        "x20": 0.9912919259352132,
        "x21": 1.0000330615700896,
        "x22": 0.987756055419779,
        "x23": 0.990535803533552,
        "x24": 0.9997011577560726,
        "x25": 0.8973730221023036,
        "x26": 0.991140787329089,
        "x27": 1.0000790042713832,
        "x28": 0.9996504919733379,
        "x29": 0.9910716585916287,
        "x30": 0.9913091007768181,
        "x31": 0.9996775423488657,
        "x32": 0.9999394586833423,
        "x33": 0.990847097537643,
        "x34": 0.9911296236820457,
        "x35": 0.9982292738305222,
        "x36": 0.9988080659926114,
        "x37": 0.8971647771478428,
        "x38": 0.9996350346158932,
        "x39": 0.8977113664819227,
        "x40": 0.999025757109955,
        "x41": 0.9991021851550974,
        "x42": 0.9997101745479152
    },
    "RRW": {
        "x1": 1.1835316455043994,
        "x2": 1.1831108618850763,
        "x3": 1.346730854774692,
        "x4": 1.2560180644984003,
        "x5": 0.9987213330425061,
        "x6": 1.263391653370477,
        "x7": 1.263942965785998,
        "x8": 0.9983112836991861,
        "x9": 0.9989020982503989,
        "x10": 4.293710401255825,
        "x11": 0.999753541022968,
        "x12": 4.293710401255825,
        "x13": 0.998786168069565,
        "x14": 1.184330705010073,
        "x15": 1.1834054104186025,
        "x16": 4.293710401255825,
        "x17": 4.293710401255825,
        "x18": 4.293710401255825,
        "x19": 1.3475333492486865,
        "x20": 1.2557424082906397,
        "x21": 0.9991395404355884,
        "x22": 1.3479597146915314,
        "x23": 1.256659974203388,
        "x24": 0.9988862115219143,
        "x25": 4.293710401255825,
        "x26": 1.2575131344601176,
        "x27": 0.9990167403181125,
        "x28": 0.9995650471363527,
        "x29": 1.263207453194263,
        "x30": 1.2632808756421243,
        "x31": 0.9994890484622506,
        "x32": 0.9987634114044384,
        "x33": 1.263064472637901,
        "x34": 1.2648184533368143,
        "x35": 0.9994508344396794,
        "x36": 0.9992168272228109,
        "x37": 4.293710401255825,
        "x38": 0.999428936516633,
        "x39": 4.293710401255825,
        "x40": 0.9992666342634655,
        "x41": 0.9995873744304393,
        "x42": 0.9980205995050211
    }
}