{"round": 1, "time_sec": 1.2025695999909658, "t_search": 0.924, "t_minimize": 0.276, "t_refs": 0.002, "t_probs": 0.0, "n_refs_upper": 1, "n_refs_lower": 0, "probs_updated": false, "p_upper": 0.0, "p_lower": 0.0, "p_unknown": 1.0, "n_sample_actual": 100000, "avg_len_upper": 16.0, "avg_len_lower": 0.0, "rss_gb": 0.3515892028808594}
{"round": 2, "time_sec": 0.3111124999995809, "t_search": 0.291, "t_minimize": 0.017, "t_refs": 0.002, "t_probs": 0.0, "n_refs_upper": 1, "n_refs_lower": 1, "probs_updated": false, "p_upper": 0.61506, "p_lower": 0.0, "p_unknown": 0.38494, "n_sample_actual": 100000, "avg_len_upper": 16.0, "avg_len_lower": 1.0, "rss_gb": 0.3787574768066406}
{"round": 3, "time_sec": 0.32633650000207126, "t_search": 0.283, "t_minimize": 0.039, "t_refs": 0.004, "t_probs": 0.0, "n_refs_upper": 1, "n_refs_lower": 2, "probs_updated": false, "p_upper": 0.61331, "p_lower": 0.03128, "p_unknown": 0.35541, "n_sample_actual": 100000, "avg_len_upper": 16.0, "avg_len_lower": 1.0, "rss_gb": 0.37700653076171875}
{"round": 4, "time_sec": 0.2396450999949593, "t_search": 0.205, "t_minimize": 0.032, "t_refs": 0.002, "t_probs": 0.0, "n_refs_upper": 1, "n_refs_lower": 3, "probs_updated": false, "p_upper": 0.61377, "p_lower": 0.05819, "p_unknown": 0.32804, "n_sample_actual": 100000, "avg_len_upper": 16.0, "avg_len_lower": 1.0, "rss_gb": 0.44136810302734375}
{"round": 5, "time_sec": 0.4024951000174042, "t_search": 0.162, "t_minimize": 0.238, "t_refs": 0.002, "t_probs": 0.0, "n_refs_upper": 2, "n_refs_lower": 3, "probs_updated": false, "p_upper": 0.61271, "p_lower": 0.08658, "p_unknown": 0.30071, "n_sample_actual": 100000, "avg_len_upper": 16.5, "avg_len_lower": 1.0, "rss_gb": 0.44644927978515625}
{"round": 6, "time_sec": 0.2844059999915771, "t_search": 0.276, "t_minimize": 0.006, "t_refs": 0.002, "t_probs": 0.0, "n_refs_upper": 2, "n_refs_lower": 4, "probs_updated": false, "p_upper": 0.71457, "p_lower": 0.08582, "p_unknown": 0.19961, "n_sample_actual": 100000, "avg_len_upper": 16.5, "avg_len_lower": 1.0, "rss_gb": 0.44187164306640625}
{"round": 7, "time_sec": 0.3821444000059273, "t_search": 0.327, "t_minimize": 0.053, "t_refs": 0.002, "t_probs": 0.0, "n_refs_upper": 2, "n_refs_lower": 5, "probs_updated": false, "p_upper": 0.71246, "p_lower": 0.1132, "p_unknown": 0.17434, "n_sample_actual": 100000, "avg_len_upper": 16.5, "avg_len_lower": 1.0, "rss_gb": 0.44492340087890625}
{"round": 8, "time_sec": 0.2830479000112973, "t_search": 0.266, "t_minimize": 0.015, "t_refs": 0.002, "t_probs": 0.0, "n_refs_upper": 2, "n_refs_lower": 6, "probs_updated": false, "p_upper": 0.71615, "p_lower": 0.14099, "p_unknown": 0.14286, "n_sample_actual": 100000, "avg_len_upper": 16.5, "avg_len_lower": 1.0, "rss_gb": 0.4458465576171875}
{"round": 9, "time_sec": 0.23169650000636466, "t_search": 0.213, "t_minimize": 0.014, "t_refs": 0.004, "t_probs": 0.0, "n_refs_upper": 2, "n_refs_lower": 7, "probs_updated": false, "p_upper": 0.7124, "p_lower": 0.1678, "p_unknown": 0.1198, "n_sample_actual": 100000, "avg_len_upper": 16.5, "avg_len_lower": 1.0, "rss_gb": 0.4413414001464844}
{"round": 10, "time_sec": 0.5019693999784067, "t_search": 0.222, "t_minimize": 0.273, "t_refs": 0.006, "t_probs": 0.0, "n_refs_upper": 3, "n_refs_lower": 7, "probs_updated": false, "p_upper": 0.71291, "p_lower": 0.19132, "p_unknown": 0.09577, "n_sample_actual": 100000, "avg_len_upper": 16.333333333333332, "avg_len_lower": 1.0, "rss_gb": 0.4450950622558594}
{"round": 11, "time_sec": 0.3012241999967955, "t_search": 0.251, "t_minimize": 0.047, "t_refs": 0.002, "t_probs": 0.0, "n_refs_upper": 3, "n_refs_lower": 8, "probs_updated": false, "p_upper": 0.7534, "p_lower": 0.19341, "p_unknown": 0.05319, "n_sample_actual": 100000, "avg_len_upper": 16.333333333333332, "avg_len_lower": 1.125, "rss_gb": 0.44452667236328125}
{"round": 12, "time_sec": 0.3094590000109747, "t_search": 0.259, "t_minimize": 0.046, "t_refs": 0.004, "t_probs": 0.0, "n_refs_upper": 3, "n_refs_lower": 9, "probs_updated": false, "p_upper": 0.7553, "p_lower": 0.1927, "p_unknown": 0.052, "n_sample_actual": 100000, "avg_len_upper": 16.333333333333332, "avg_len_lower": 1.1111111111111112, "rss_gb": 0.4418678283691406}
{"round": 13, "time_sec": 0.23354779998771846, "t_search": 0.179, "t_minimize": 0.045, "t_refs": 0.01, "t_probs": 0.0, "n_refs_upper": 3, "n_refs_lower": 10, "probs_updated": false, "p_upper": 0.75563, "p_lower": 0.21799, "p_unknown": 0.02638, "n_sample_actual": 100000, "avg_len_upper": 16.333333333333332, "avg_len_lower": 1.2, "rss_gb": 0.4421348571777344}
{"round": 14, "time_sec": 0.17623909999383613, "t_search": 0.161, "t_minimize": 0.012, "t_refs": 0.002, "t_probs": 0.0, "n_refs_upper": 3, "n_refs_lower": 11, "probs_updated": false, "p_upper": 0.75501, "p_lower": 0.21891, "p_unknown": 0.02608, "n_sample_actual": 100000, "avg_len_upper": 16.333333333333332, "avg_len_lower": 1.2727272727272727, "rss_gb": 0.44187164306640625}
{"round": 15, "time_sec": 0.49986169999465346, "t_search": 0.201, "t_minimize": 0.297, "t_refs": 0.002, "t_probs": 0.0, "n_refs_upper": 4, "n_refs_lower": 11, "probs_updated": false, "p_upper": 0.75536, "p_lower": 0.21898, "p_unknown": 0.02566, "n_sample_actual": 100000, "avg_len_upper": 16.5, "avg_len_lower": 1.2727272727272727, "rss_gb": 0.4415779113769531}
{"round": 16, "time_sec": 0.41782279999461025, "t_search": 0.201, "t_minimize": 0.215, "t_refs": 0.002, "t_probs": 0.0, "n_refs_upper": 5, "n_refs_lower": 11, "probs_updated": false, "p_upper": 0.75914, "p_lower": 0.21782, "p_unknown": 0.02304, "n_sample_actual": 100000, "avg_len_upper": 16.4, "avg_len_lower": 1.2727272727272727, "rss_gb": 0.4447593688964844}
{"round": 17, "time_sec": 0.4448827999876812, "t_search": 0.202, "t_minimize": 0.24, "t_refs": 0.003, "t_probs": 0.0, "n_refs_upper": 6, "n_refs_lower": 11, "probs_updated": false, "p_upper": 0.7644, "p_lower": 0.21656, "p_unknown": 0.01904, "n_sample_actual": 100000, "avg_len_upper": 16.333333333333332, "avg_len_lower": 1.2727272727272727, "rss_gb": 0.4421043395996094}
{"round": 18, "time_sec": 0.4570880999963265, "t_search": 0.211, "t_minimize": 0.244, "t_refs": 0.002, "t_probs": 0.0, "n_refs_upper": 7, "n_refs_lower": 11, "probs_updated": false, "p_upper": 0.76314, "p_lower": 0.21829, "p_unknown": 0.01857, "n_sample_actual": 100000, "avg_len_upper": 16.428571428571427, "avg_len_lower": 1.2727272727272727, "rss_gb": 0.44216156005859375}
{"round": 19, "time_sec": 0.3362427999963984, "t_search": 0.294, "t_minimize": 0.041, "t_refs": 0.001, "t_probs": 0.0, "n_refs_upper": 7, "n_refs_lower": 12, "probs_updated": false, "p_upper": 0.76609, "p_lower": 0.21934, "p_unknown": 0.01457, "n_sample_actual": 100000, "avg_len_upper": 16.428571428571427, "avg_len_lower": 1.3333333333333333, "rss_gb": 0.4449119567871094}
{"round": 20, "time_sec": 0.2615557999815792, "t_search": 0.215, "t_minimize": 0.044, "t_refs": 0.002, "t_probs": 0.0, "n_refs_upper": 7, "n_refs_lower": 13, "probs_updated": false, "p_upper": 0.76797, "p_lower": 0.21827, "p_unknown": 0.01376, "n_sample_actual": 100000, "avg_len_upper": 16.428571428571427, "avg_len_lower": 1.3846153846153846, "rss_gb": 0.4448966979980469}
{"round": 21, "time_sec": 0.2740857999888249, "t_search": 0.224, "t_minimize": 0.047, "t_refs": 0.002, "t_probs": 0.0, "n_refs_upper": 7, "n_refs_lower": 14, "probs_updated": false, "p_upper": 0.76825, "p_lower": 0.21844, "p_unknown": 0.01331, "n_sample_actual": 100000, "avg_len_upper": 16.428571428571427, "avg_len_lower": 1.4285714285714286, "rss_gb": 0.44496917724609375}
{"round": 22, "time_sec": 0.25070899998536333, "t_search": 0.23, "t_minimize": 0.018, "t_refs": 0.002, "t_probs": 0.0, "n_refs_upper": 7, "n_refs_lower": 15, "probs_updated": false, "p_upper": 0.76689, "p_lower": 0.22067, "p_unknown": 0.01244, "n_sample_actual": 100000, "avg_len_upper": 16.428571428571427, "avg_len_lower": 1.4666666666666666, "rss_gb": 0.4455528259277344}
{"round": 23, "time_sec": 0.29206070001237094, "t_search": 0.244, "t_minimize": 0.045, "t_refs": 0.003,